localizedRuleName,ruleImpact,urlBlocks
Eliminate render-blocking JavaScript and CSS in above-the-fold content,48.0,"[{'header': {'format': 'Your page has $1 blocking script resources and $2 blocking CSS resources. This causes a delay in rendering your page.', 'args': [{'type': 'INT_LITERAL', 'value': '7'}, {'type': 'INT_LITERAL', 'value': '1'}]}}, {'header': {'format': 'None of the above-the-fold content on your page could be rendered without waiting for the following resources to load. Try to defer or asynchronously load blocking resources, or inline the critical portions of those resources directly in the HTML.'}}, {'header': {'format': 'Remove render-blocking JavaScript:', 'args': [{'type': 'HYPERLINK', 'value': 'https://developers.google.com/speed/docs/insights/BlockingJS'}]}, 'urls': [{'result': {'format': '$1', 'args': [{'type': 'URL', 'value': 'http://vn-live-03.slatic.net/searchpage/vendor/scripts/core_mobile/libs/modernizr-custom-4886d6f304.js'}]}}, {'result': {'format': '$1', 'args': [{'type': 'URL', 'value': 'http://vn-live-01.slatic.net/searchpage/js/ga-timing-09c472c8cc.js'}]}}, {'result': {'format': '$1', 'args': [{'type': 'URL', 'value': 'http://ajax.googleapis.com/ajax/libs/jquery/1.9.1/jquery.min.js'}]}}, {'result': {'format': '$1', 'args': [{'type': 'URL', 'value': 'http://vn-live-01.slatic.net/searchpage/build/mobile-catalog-77ab6d963e.js'}]}}, {'result': {'format': '$1', 'args': [{'type': 'URL', 'value': 'https://vn-live.slatic.net/pagemanager_widgets/load-pmWidgetsWithDeps.bundle.js'}]}}, {'result': {'format': '$1', 'args': [{'type': 'URL', 'value': 'http://vn-live-03.slatic.net/lzdtracker/lzdtracker.js?v=2a4a781'}]}}, {'result': {'format': '$1', 'args': [{'type': 'URL', 'value': 'http://vn-live-01.slatic.net/lzdtracker/resource_performance.js?v=2a4a781'}]}}]}, {'header': {'format': 'Optimize CSS Delivery of the following:', 'args': [{'type': 'HYPERLINK', 'value': 'https://developers.google.com/speed/docs/insights/OptimizeCSSDelivery'}]}, 'urls': [{'result': {'format': '$1', 'args': [{'type': 'URL', 'value': 'http://vn-live-02.slatic.net/searchpage/build/mobile-main-6b929014a1.css'}]}}]}]"
Optimize images,32.260099999999994,"[{'header': {'format': 'Properly formatting and compressing images can save many bytes of data.'}}, {'header': {'format': 'Optimize the following images to reduce their size by $2 ($3 reduction).', 'args': [{'type': 'HYPERLINK', 'value': 'https://developers.google.com/speed/docs/insights/OptimizeImages'}, {'type': 'BYTES', 'value': '315KiB'}, {'type': 'PERCENTAGE', 'value': '40%'}]}, 'urls': [{'result': {'format': 'Compressing $1 could save $2 ($3 reduction).', 'args': [{'type': 'URL', 'value': 'https://vn-live.slatic.net/v2/resize/page_manager/5d912d668e8794093862de32df1a0667.jpg?width=618'}, {'type': 'BYTES', 'value': '44.1KiB'}, {'type': 'PERCENTAGE', 'value': '42%'}]}}, {'result': {'format': 'Compressing and resizing $1 could save $2 ($3 reduction).', 'args': [{'type': 'URL', 'value': 'http://vn-live-03.slatic.net/cms/mobilesmartbanners/1504869275-App-icon.png'}, {'type': 'BYTES', 'value': '26.9KiB'}, {'type': 'PERCENTAGE', 'value': '89%'}]}}, {'result': {'format': 'Compressing $1 could save $2 ($3 reduction).', 'args': [{'type': 'URL', 'value': 'http://vn-live-01.slatic.net/p/4/thung-gach-lego-classic-sang-tao-10696-484-chi-tiet-tang-bo-lap-rap-lego-ngau-nhien-tri-gia-179000vnd-1510300242-76651461-d5c7863b8a4574bfb25c259f77b83727-catalog_233.jpg'}, {'type': 'BYTES', 'value': '10.7KiB'}, {'type': 'PERCENTAGE', 'value': '37%'}]}}, {'result': {'format': 'Compressing $1 could save $2 ($3 reduction).', 'args': [{'type': 'URL', 'value': 'http://vn-live-01.slatic.net/p/4/bo-3-ta-quan-huggies-dry-pants-super-jumbo-xl62-11-16kg-tang-sofa-bap-benh-bong-voi-bong-cho-be-tri-gia-500000vnd-1510303057-42941061-4e585d539f962999e6e2a2126c88b723-catalog_233.jpg'}, {'type': 'BYTES', 'value': '10.1KiB'}, {'type': 'PERCENTAGE', 'value': '37%'}]}}, {'result': {'format': 'Compressing $1 could save $2 ($3 reduction).', 'args': [{'type': 'URL', 'value': 'http://vn-live-02.slatic.net/p/4/bo-4-sua-bot-friso-gold-4-1500g-tang-rua-con-thong-thai-leapfrog-tri-gia-719000vnd-1510303056-52223271-9638491b9417be2640afd7b57a431eba-catalog_233.jpg'}, {'type': 'BYTES', 'value': '9.6KiB'}, {'type': 'PERCENTAGE', 'value': '37%'}]}}, {'result': {'format': 'Compressing $1 could save $2 ($3 reduction).', 'args': [{'type': 'URL', 'value': 'http://vn-live-02.slatic.net/p/4/hop-lego-classic-10698-thung-gach-lon-sang-tao-790-chi-tiet-1510296655-48791951-efe2bcee11babbab9ab1e8a913f2e738-catalog_233.jpg'}, {'type': 'BYTES', 'value': '9.1KiB'}, {'type': 'PERCENTAGE', 'value': '37%'}]}}, {'result': {'format': 'Compressing $1 could save $2 ($3 reduction).', 'args': [{'type': 'URL', 'value': 'http://vn-live-03.slatic.net/p/11/keo-milo-cube-275g-100-vien-1510157650-8536459-6c0f588fb1a7bc36ffd8b8ab34965bf5-catalog_233.jpg'}, {'type': 'BYTES', 'value': '8.3KiB'}, {'type': 'PERCENTAGE', 'value': '39%'}]}}, {'result': {'format': 'Compressing $1 could save $2 ($3 reduction).', 'args': [{'type': 'URL', 'value': 'http://vn-live-01.slatic.net/p/2/canon-eos-750d-voi-lens-kit-canon-ef-s-18-55mm-f35-56-is-stm-den-hang-phan-phoi-chinh-thuc-the-nho-16gb-tui-may-anh-khoa-hoc-nhiep-anh-1510153366-26423751-cff15e53d85e5218b73854abc2d6db1f-catalog_233.jpg'}, {'type': 'BYTES', 'value': '8.2KiB'}, {'type': 'PERCENTAGE', 'value': '38%'}]}}, {'result': {'format': 'Compressing $1 could save $2 ($3 reduction).', 'args': [{'type': 'URL', 'value': 'http://vn-live-02.slatic.net/p/8/dong-ho-nam-day-kim-loai-casio-anh-khue-ae-1200whd-1avdf-tang-day-da-bo-cao-cap-1510159155-2350386-1fffa0d602c29615ef0be1b5d3a0f43f-catalog_233.jpg'}, {'type': 'BYTES', 'value': '7.9KiB'}, {'type': 'PERCENTAGE', 'value': '35%'}]}}, {'result': {'format': 'Compressing $1 could save $2 ($3 reduction).', 'args': [{'type': 'URL', 'value': 'http://vn-live-01.slatic.net/p/3/bo-but-bi-12-chiec-tay-xoa-duoc-sau-khi-viet-hieu-doraemon-ngo-nghinh-1510155438-2371553-cda1182225edeafabea1be7e4b6c734e-catalog_233.jpg'}, {'type': 'BYTES', 'value': '7.7KiB'}, {'type': 'PERCENTAGE', 'value': '40%'}]}}, {'result': {'format': 'Compressing $1 could save $2 ($3 reduction).', 'args': [{'type': 'URL', 'value': 'http://vn-live-02.slatic.net/p/3/goi-bot-tay-ve-sinh-long-may-giat-450g-1510157555-8588678-999ca460244da9b75d526416f214d92e-catalog_233.jpg'}, {'type': 'BYTES', 'value': '7.7KiB'}, {'type': 'PERCENTAGE', 'value': '39%'}]}}, {'result': {'format': 'Compressing $1 could save $2 ($3 reduction).', 'args': [{'type': 'URL', 'value': 'http://vn-live-02.slatic.net/p/3/bo-may-khoan-bosch-gsb-550-set-550w-19-chi-tiet-xanh-1510283823-4866471-b4f327efd93df156962f416356baf699-catalog_233.jpg'}, {'type': 'BYTES', 'value': '7.5KiB'}, {'type': 'PERCENTAGE', 'value': '35%'}]}}, {'result': {'format': 'Compressing $1 could save $2 ($3 reduction).', 'args': [{'type': 'URL', 'value': 'http://vn-live-02.slatic.net/p/2/motorola-moto-c-3g-8gb-den-hang-phan-phoi-chinh-thuc-1510283013-46339951-5f0ff640d16a59f07ddf6a70acfc9110-catalog_233.jpg'}, {'type': 'BYTES', 'value': '7.3KiB'}, {'type': 'PERCENTAGE', 'value': '38%'}]}}, {'result': {'format': 'Compressing $1 could save $2 ($3 reduction).', 'args': [{'type': 'URL', 'value': 'http://vn-live-03.slatic.net/p/8/thuc-an-cho-cho-natural-core-thit-vit-1kg-tang-1-goi-thuc-an-cho-cho-natural-core-thit-vit-1kg-1510157690-24230681-20a0ab06965150a17a67882c3a244e3a-catalog_233.jpg'}, {'type': 'BYTES', 'value': '7.2KiB'}, {'type': 'PERCENTAGE', 'value': '36%'}]}}, {'result': {'format': 'Compressing $1 could save $2 ($3 reduction).', 'args': [{'type': 'URL', 'value': 'http://vn-live-02.slatic.net/p/2/loa-di-dong-jbl-flip-3-splashproof-portable-bluetooth-speaker-den-1510223662-7203585-2f6498382aefe12ea58655be853aa53b-catalog_233.jpg'}, {'type': 'BYTES', 'value': '7.1KiB'}, {'type': 'PERCENTAGE', 'value': '38%'}]}}, {'result': {'format': 'Compressing $1 could save $2 ($3 reduction).', 'args': [{'type': 'URL', 'value': 'http://vn-live-01.slatic.net/p/3/bo-3-bong-den-philips-ecobright-ledbulb-5w-6500k-duoi-e27-a60-anh-sang-trang-1510166153-6104274-f1f65c08b139066de37cfefb9fb4ce9e-catalog_233.jpg'}, {'type': 'BYTES', 'value': '7.1KiB'}, {'type': 'PERCENTAGE', 'value': '36%'}]}}, {'result': {'format': 'Compressing $1 could save $2 ($3 reduction).', 'args': [{'type': 'URL', 'value': 'http://vn-live-03.slatic.net/p/11/thung-24-chai-thuc-uong-sua-yomost-tuyet-huong-dau-270ml-tang-1-thung-24-chai-thuc-uong-sua-yomost-270ml-vi-ngau-nhien-1510304533-20478751-b84f065398ee53cf53f53a274a2dc78f-catalog_233.jpg'}, {'type': 'BYTES', 'value': '6.9KiB'}, {'type': 'PERCENTAGE', 'value': '36%'}]}}, {'result': {'format': 'Compressing $1 could save $2 ($3 reduction).', 'args': [{'type': 'URL', 'value': 'http://vn-live-03.slatic.net/p/11/thung-24-lon-bia-heineken-330ml-1510153522-6762123-c4b78ddfb7c5a10ef3f1099076c8d892-catalog_233.jpg'}, {'type': 'BYTES', 'value': '6.8KiB'}, {'type': 'PERCENTAGE', 'value': '37%'}]}}, {'result': {'format': 'Compressing $1 could save $2 ($3 reduction).', 'args': [{'type': 'URL', 'value': 'http://vn-live-02.slatic.net/p/3/nem-cao-su-thien-nhien-sohan-160x200x10cm-kem-tang-bo-qua-tang-phong-ngu-han-quoc-1510162333-5437806-8793c2071e1c38585ebf184c7635b7f5-catalog_233.jpg'}, {'type': 'BYTES', 'value': '6.6KiB'}, {'type': 'PERCENTAGE', 'value': '40%'}]}}, {'result': {'format': 'Compressing $1 could save $2 ($3 reduction).', 'args': [{'type': 'URL', 'value': 'http://vn-live-01.slatic.net/p/3/bo-may-bat-vit-dung-pin-bosch-go-33-chi-tiet-1510301816-32684311-121bd21c33943e8015d713ea2c27d75c-catalog_233.jpg'}, {'type': 'BYTES', 'value': '6.6KiB'}, {'type': 'PERCENTAGE', 'value': '35%'}]}}, {'result': {'format': 'Compressing $1 could save $2 ($3 reduction).', 'args': [{'type': 'URL', 'value': 'http://vn-live-03.slatic.net/p/8/xe-honda-vision-2017-do-tang-non-bao-hiem-bao-hiem-xe-may-tham-xe-may-1510282968-57622601-ae1b15b58dbc3dc123b4ea7a3cf38220-catalog_233.jpg'}, {'type': 'BYTES', 'value': '6.6KiB'}, {'type': 'PERCENTAGE', 'value': '37%'}]}}, {'result': {'format': 'Compressing $1 could save $2 ($3 reduction).', 'args': [{'type': 'URL', 'value': 'http://vn-live-03.slatic.net/p/2/apple-macbook-macbook-air-133-inch-128gb-mqd32-hang-nhap-khau-1510304386-1108289-ff9acfd72b780c1bc87a4e13dbebcff7-catalog_233.jpg'}, {'type': 'BYTES', 'value': '6.6KiB'}, {'type': 'PERCENTAGE', 'value': '38%'}]}}, {'result': {'format': 'Compressing $1 could save $2 ($3 reduction).', 'args': [{'type': 'URL', 'value': 'http://vn-live-03.slatic.net/p/3/bo-may-tinh-bo-tui-va-bao-da-casio-fx-570esplus-1510159155-175525-1ef3a1bd7c502629cfcbe9abd4984fc0-catalog_233.jpg'}, {'type': 'BYTES', 'value': '6.4KiB'}, {'type': 'PERCENTAGE', 'value': '39%'}]}}, {'result': {'format': 'Compressing $1 could save $2 ($3 reduction).', 'args': [{'type': 'URL', 'value': 'http://vn-live-03.slatic.net/p/3/den-ban-hoc-led-philips-66046-geometry-1510162570-6446316-47de5b084b8c52f9baa74c1c47da4c2a-catalog_233.jpg'}, {'type': 'BYTES', 'value': '6.4KiB'}, {'type': 'PERCENTAGE', 'value': '38%'}]}}, {'result': {'format': 'Compressing $1 could save $2 ($3 reduction).', 'args': [{'type': 'URL', 'value': 'http://vn-live-01.slatic.net/p/8/dong-ho-nam-wwoor-8018-may-mong-day-thep-khong-gi-trang-1510301861-3916459-529602e46e3378e9acb5c9e4e9d0bb8a-catalog_233.jpg'}, {'type': 'BYTES', 'value': '6.4KiB'}, {'type': 'PERCENTAGE', 'value': '35%'}]}}, {'result': {'format': 'Compressing $1 could save $2 ($3 reduction).', 'args': [{'type': 'URL', 'value': 'http://vn-live-01.slatic.net/p/8/dong-ho-nu-day-kim-loai-skagen-skw2314-vang-hong-mat-36mm-1510321205-90376651-83cefd7c8cf23444664315eb256d3bf7-catalog_233.jpg'}, {'type': 'BYTES', 'value': '6.4KiB'}, {'type': 'PERCENTAGE', 'value': '41%'}]}}, {'result': {'format': 'Compressing $1 could save $2 ($3 reduction).', 'args': [{'type': 'URL', 'value': 'http://vn-live-03.slatic.net/p/5/bo-duong-da-trang-hong-rang-ro-laneige-clear-c-advanced-effector-ex-150ml-1510153574-38436661-e8101a32f818e0a23e3f1fe8328df103-catalog_233.jpg'}, {'type': 'BYTES', 'value': '6.2KiB'}, {'type': 'PERCENTAGE', 'value': '40%'}]}}, {'result': {'format': 'Compressing $1 could save $2 ($3 reduction).', 'args': [{'type': 'URL', 'value': 'http://vn-live-01.slatic.net/p/3/bo-lau-san-360-do-fujishi-mop-smart-360-xanh-1510283699-4822791-28fecb545a5bc4d00bc684c3636f202a-catalog_233.jpg'}, {'type': 'BYTES', 'value': '6KiB'}, {'type': 'PERCENTAGE', 'value': '37%'}]}}, {'result': {'format': 'Compressing $1 could save $2 ($3 reduction).', 'args': [{'type': 'URL', 'value': 'http://vn-live-03.slatic.net/p/3/may-tinh-casio-fx-570vn-plus-1510159155-4661002-75b690e3af6635a4f45e939b7f72339e-catalog_233.jpg'}, {'type': 'BYTES', 'value': '6KiB'}, {'type': 'PERCENTAGE', 'value': '35%'}]}}, {'result': {'format': 'Compressing $1 could save $2 ($3 reduction).', 'args': [{'type': 'URL', 'value': 'http://vn-live-02.slatic.net/p/3/binh-xit-xa-bong-treo-tuong-eurolife-el-x19-trang-1510159310-8952501-4ea092d50e830a28849f59a42b68f866-catalog_233.jpg'}, {'type': 'BYTES', 'value': '5.8KiB'}, {'type': 'PERCENTAGE', 'value': '39%'}]}}, {'result': {'format': 'Compressing $1 could save $2 ($3 reduction).', 'args': [{'type': 'URL', 'value': 'http://vn-live-01.slatic.net/p/8/balo-chong-trom-chong-nuoc-co-cong-sac-usb-vua-laptop-16inch-loai-day-1120-xam-tang-1-moc-khoa-hinh-balo-1510308006-64284071-d7910f74b9842d86ae3ea3a2220ec0cd-catalog_233.jpg'}, {'type': 'BYTES', 'value': '5.7KiB'}, {'type': 'PERCENTAGE', 'value': '38%'}]}}, {'result': {'format': 'Compressing $1 could save $2 ($3 reduction).', 'args': [{'type': 'URL', 'value': 'http://vn-live-03.slatic.net/p/5/nuoc-khoang-vichy-mineralizing-thermal-water-300ml-tang-mat-na-thanh-loc-se-khit-cho-chan-long-clay-mask-15ml-1510162195-29891061-9e9b35b77e2efe0ecb77aa64deda4862-catalog_233.jpg'}, {'type': 'BYTES', 'value': '5.2KiB'}, {'type': 'PERCENTAGE', 'value': '34%'}]}}, {'result': {'format': 'Compressing $1 could save $2 ($3 reduction).', 'args': [{'type': 'URL', 'value': 'http://vn-live-02.slatic.net/p/8/dong-ho-nu-chinh-hang-royal-crown-italy-3628-strap-watch-do-1510162639-3694681-4a54597b5b7497d224b0033aac3d5080-catalog_233.jpg'}, {'type': 'BYTES', 'value': '5.2KiB'}, {'type': 'PERCENTAGE', 'value': '38%'}]}}, {'result': {'format': 'Compressing $1 could save $2 ($3 reduction).', 'args': [{'type': 'URL', 'value': 'http://vn-live-03.slatic.net/p/2/smart-tivi-sony-43inch-4k-model-kd-43x7500e-vn3-den-hang-phan-phoi-chinh-thuc-1510162151-8505148-e8e5e481a73a582891ca223b7ee5e23d-catalog_233.jpg'}, {'type': 'BYTES', 'value': '4.8KiB'}, {'type': 'PERCENTAGE', 'value': '39%'}]}}, {'result': {'format': 'Compressing $1 could save $2 ($3 reduction).', 'args': [{'type': 'URL', 'value': 'http://vn-live-03.slatic.net/p/2/samsung-galaxy-j7-prime-32gb-ram-3gb-trang-vang-hang-phan-phoichinhthuc-1510300408-6611328-e3c6c4ba4f31b479bac5d87616370624-catalog_233.jpg'}, {'type': 'BYTES', 'value': '4KiB'}, {'type': 'PERCENTAGE', 'value': '38%'}]}}, {'result': {'format': 'Compressing $1 could save $2 ($3 reduction).', 'args': [{'type': 'URL', 'value': 'http://vn-live-03.slatic.net/p/3/bo-5-moc-treo-quan-ao-lockamplock-ettom-bang-nhua-cau-vai-co-cao-su-chong-truot-mau-xam-etm373g-1510149700-0271772-7d0638b27fd6a523795c654d17daec93-catalog_233.jpg'}, {'type': 'BYTES', 'value': '3.8KiB'}, {'type': 'PERCENTAGE', 'value': '36%'}]}}, {'result': {'format': 'Compressing $1 could save $2 ($3 reduction).', 'args': [{'type': 'URL', 'value': 'http://vn-live-03.slatic.net/p/10/may-lam-nong-lanh-nuoc-uong-kangaroo-kg32n-trang-1510148805-1032381-4ffd890eac7dac375710f34280361fe4-catalog_233.jpg'}, {'type': 'BYTES', 'value': '3.8KiB'}, {'type': 'PERCENTAGE', 'value': '39%'}]}}, {'result': {'format': 'Compressing $1 could save $2 ($3 reduction).', 'args': [{'type': 'URL', 'value': 'http://vn-live-01.slatic.net/p/3/o-cam-dien-quang-eco-dq-chong-chay-esk-5wr-62eco-1510159238-2036946-c5c9d8dda8165ac19e1718b02d4f9640-catalog_233.jpg'}, {'type': 'BYTES', 'value': '3.2KiB'}, {'type': 'PERCENTAGE', 'value': '36%'}]}}, {'result': {'format': 'Compressing $1 could save $2 ($3 reduction).', 'args': [{'type': 'URL', 'value': 'http://vn-live.slatic.net/cms/2017/04-Apr/Sticker-Banner-FreeShipping-Apr20.png'}, {'type': 'BYTES', 'value': '3.2KiB'}, {'type': 'PERCENTAGE', 'value': '65%'}]}}]}]"
Prioritize visible content,24.0,"[{'header': {'format': 'Your page requires additional network round trips to render the above-the-fold content. For best performance, reduce the amount of HTML needed to render above-the-fold content.'}}, {'header': {'format': 'The entire HTML response was not sufficient to render the above-the-fold content. This usually indicates that additional resources, loaded after HTML parsing, were required to render above-the-fold content. Prioritize visible content that is needed for rendering above-the-fold by including it directly in the HTML response.', 'args': [{'type': 'HYPERLINK', 'value': 'https://developers.google.com/speed/docs/insights/PrioritizeVisibleContent'}]}, 'urls': [{'result': {'format': 'Only about $1 of the final above-the-fold content could be rendered with the full HTML response $2.', 'args': [{'type': 'PERCENTAGE', 'value': '4%'}, {'type': 'SNAPSHOT_RECT', 'value': 'snapshot:3'}]}}]}]"
Leverage browser caching,14.318090277777777,"[{'header': {'format': 'Setting an expiry date or a maximum age in the HTTP headers for static resources instructs the browser to load previously downloaded resources from local disk rather than over the network.'}}, {'header': {'format': 'Leverage browser caching for the following cacheable resources:', 'args': [{'type': 'HYPERLINK', 'value': 'https://developers.google.com/speed/docs/insights/LeverageBrowserCaching'}]}, 'urls': [{'result': {'format': '$1 ($2)', 'args': [{'type': 'URL', 'value': 'http://vn-live-01.slatic.net/searchpage/build/mobile-catalog-77ab6d963e.js'}, {'type': 'DURATION', 'value': '2.3 minutes'}]}}, {'result': {'format': '$1 ($2)', 'args': [{'type': 'URL', 'value': 'http://vn-live-02.slatic.net/lzdtracker/adobe.js?v=2a4a781'}, {'type': 'DURATION', 'value': '2.6 minutes'}]}}, {'result': {'format': '$1 ($2)', 'args': [{'type': 'URL', 'value': 'http://vn-live-03.slatic.net/searchpage/vendor/scripts/core_mobile/libs/modernizr-custom-4886d6f304.js'}, {'type': 'DURATION', 'value': '4.7 minutes'}]}}, {'result': {'format': '$1 ($2)', 'args': [{'type': 'URL', 'value': 'http://s3.amazonaws.com/ki.js/66958/fJX.js'}, {'type': 'DURATION', 'value': '5 minutes'}]}}, {'result': {'format': '$1 ($2)', 'args': [{'type': 'URL', 'value': 'http://vn-live-02.slatic.net/searchpage/build/mobile-main-6b929014a1.css'}, {'type': 'DURATION', 'value': '7 minutes'}]}}, {'result': {'format': '$1 ($2)', 'args': [{'type': 'URL', 'value': 'http://vn-live-03.slatic.net/lzdtracker/lzdtracker.js?v=2a4a781'}, {'type': 'DURATION', 'value': '7.2 minutes'}]}}, {'result': {'format': '$1 ($2)', 'args': [{'type': 'URL', 'value': 'http://vn-live-01.slatic.net/searchpage/js/ga-timing-09c472c8cc.js'}, {'type': 'DURATION', 'value': '8.2 minutes'}]}}, {'result': {'format': '$1 ($2)', 'args': [{'type': 'URL', 'value': 'https://vn-live.slatic.net/pagemanager_widgets/pmWidgetsWithDeps.bundle.js?rev=3cfe0b3cac6f64ee6a64eed35d2edfc0f423d75d'}, {'type': 'DURATION', 'value': '8.5 minutes'}]}}, {'result': {'format': '$1 ($2)', 'args': [{'type': 'URL', 'value': 'https://vn-live.slatic.net/pagemanager_widgets/load-pmWidgetsWithDeps.bundle.js'}, {'type': 'DURATION', 'value': '10.4 minutes'}]}}, {'result': {'format': '$1 ($2)', 'args': [{'type': 'URL', 'value': 'http://vn-live-01.slatic.net/lzdtracker/resource_performance.js?v=2a4a781'}, {'type': 'DURATION', 'value': '14.2 minutes'}]}}, {'result': {'format': '$1 ($2)', 'args': [{'type': 'URL', 'value': 'https://vn-live.slatic.net/pagemanager_widgets/pmWidgetsWithDeps.css?rev=3cfe0b3cac6f64ee6a64eed35d2edfc0f423d75d'}, {'type': 'DURATION', 'value': '14.4 minutes'}]}}, {'result': {'format': '$1 ($2)', 'args': [{'type': 'URL', 'value': 'http://www.googletagmanager.com/gtm.js?id=GTM-BXDL'}, {'type': 'DURATION', 'value': '15 minutes'}]}}, {'result': {'format': '$1 ($2)', 'args': [{'type': 'URL', 'value': 'http://connect.facebook.net/signals/config/759299637431346?v=2.8.1'}, {'type': 'DURATION', 'value': '20 minutes'}]}}, {'result': {'format': '$1 ($2)', 'args': [{'type': 'URL', 'value': 'http://assets.alicdn.com/g/alilog/mlog/aplus_int.js'}, {'type': 'DURATION', 'value': '25.1 minutes'}]}}, {'result': {'format': '$1 ($2)', 'args': [{'type': 'URL', 'value': 'http://bat.bing.com/bat.js'}, {'type': 'DURATION', 'value': '30 minutes'}]}}, {'result': {'format': '$1 ($2)', 'args': [{'type': 'URL', 'value': 'http://www.google-analytics.com/plugins/ua/ec.js'}, {'type': 'DURATION', 'value': '60 minutes'}]}}, {'result': {'format': '$1 ($2)', 'args': [{'type': 'URL', 'value': 'http://www.googleadservices.com/pagead/conversion_async.js'}, {'type': 'DURATION', 'value': '60 minutes'}]}}, {'result': {'format': '$1 ($2)', 'args': [{'type': 'URL', 'value': 'http://js-agent.newrelic.com/nr-632.min.js'}, {'type': 'DURATION', 'value': '2 hours'}]}}, {'result': {'format': '$1 ($2)', 'args': [{'type': 'URL', 'value': 'http://stats.g.doubleclick.net/dc.js'}, {'type': 'DURATION', 'value': '2 hours'}]}}, {'result': {'format': '$1 ($2)', 'args': [{'type': 'URL', 'value': 'http://www.google-analytics.com/analytics.js'}, {'type': 'DURATION', 'value': '2 hours'}]}}]}]"
Size content to viewport,3.0,"[{'header': {'format': 'The page content is too wide for the viewport, forcing the user to scroll horizontally. Size the page content to the viewport to provide a better user experience.', 'args': [{'type': 'HYPERLINK', 'value': 'https://developers.google.com/speed/docs/insights/SizeContentToViewport'}]}}, {'header': {'format': 'The page content is $1 CSS pixels wide, but the viewport is only $2 CSS pixels wide. The following elements fall outside the viewport:', 'args': [{'type': 'INT_LITERAL', 'value': '416'}, {'type': 'INT_LITERAL', 'value': '412'}]}, 'urls': [{'result': {'format': 'The element $1 falls outside the viewport.', 'args': [{'type': 'STRING_LITERAL', 'value': '<div class=""versatile-banner""></div>'}]}}, {'result': {'format': 'The element $1 falls outside the viewport.', 'args': [{'type': 'STRING_LITERAL', 'value': '<div class=""versatile-banner""></div>'}]}}, {'result': {'format': 'The element $1 falls outside the viewport.', 'args': [{'type': 'STRING_LITERAL', 'value': '<div class=""versatile-banner""></div>'}]}}, {'result': {'format': 'The element $1 falls outside the viewport.', 'args': [{'type': 'STRING_LITERAL', 'value': '<div class=""versatile-banner""></div>'}]}}, {'result': {'format': 'The element $1 falls outside the viewport.', 'args': [{'type': 'STRING_LITERAL', 'value': '<div class=""versatile-banner""></div>'}]}}, {'result': {'format': 'The element $1 falls outside the viewport.', 'args': [{'type': 'STRING_LITERAL', 'value': '<div class=""versatile-banner""></div>'}]}}, {'result': {'format': 'The element $1 falls outside the viewport.', 'args': [{'type': 'STRING_LITERAL', 'value': '<div class=""versatile-banner""></div>'}]}}, {'result': {'format': 'The element $1 falls outside the viewport.', 'args': [{'type': 'STRING_LITERAL', 'value': '<div class=""versatile-banner""></div>'}]}}, {'result': {'format': 'The element $1 falls outside the viewport.', 'args': [{'type': 'STRING_LITERAL', 'value': '<div class=""versatile-banner""></div>'}]}}, {'result': {'format': 'The element $1 falls outside the viewport.', 'args': [{'type': 'STRING_LITERAL', 'value': '<div class=""versatile-banner""></div>'}]}}, {'result': {'format': 'The element $1 falls outside the viewport.', 'args': [{'type': 'STRING_LITERAL', 'value': '<div class=""versatile-banner""></div>'}]}}, {'result': {'format': 'The element $1 falls outside the viewport.', 'args': [{'type': 'STRING_LITERAL', 'value': '<div class=""versatile-banner""></div>'}]}}, {'result': {'format': 'The element $1 falls outside the viewport.', 'args': [{'type': 'STRING_LITERAL', 'value': '<div class=""versatile-banner""></div>'}]}}, {'result': {'format': 'The element $1 falls outside the viewport.', 'args': [{'type': 'STRING_LITERAL', 'value': '<div class=""versatile-banner""></div>'}]}}, {'result': {'format': 'The element $1 falls outside the viewport.', 'args': [{'type': 'STRING_LITERAL', 'value': '<div class=""versatile-banner""></div>'}]}}]}]"
Enable compression,2.184,"[{'header': {'format': 'Compressing resources with gzip or deflate can reduce the number of bytes sent over the network.'}}, {'header': {'format': 'Enable compression for the following resources to reduce their transfer size by $2 ($3 reduction).', 'args': [{'type': 'HYPERLINK', 'value': 'https://developers.google.com/speed/docs/insights/EnableCompression'}, {'type': 'BYTES', 'value': '21.2KiB'}, {'type': 'PERCENTAGE', 'value': '70%'}]}, 'urls': [{'result': {'format': 'Compressing $1 could save $2 ($3 reduction).', 'args': [{'type': 'URL', 'value': 'http://www.everestjs.net/static/st.v2.js'}, {'type': 'BYTES', 'value': '21.2KiB'}, {'type': 'PERCENTAGE', 'value': '70%'}]}}]}]"
Reduce server response time,0.48,"[{'header': {'format': 'In our test, your server responded in $1. There are many factors that can slow down your server response time. Please read our recommendations to learn how you can monitor and measure where your server is spending the most time.', 'args': [{'type': 'DURATION', 'value': '0.23 seconds'}, {'type': 'HYPERLINK', 'value': 'https://developers.google.com/speed/docs/insights/Server'}]}}]"
Size tap targets appropriately,0.01343747375493407,"[{'header': {'format': 'Some of the links/buttons on your webpage may be too small for a user to easily tap on a touchscreen. Consider making these tap targets larger to provide a better user experience.', 'args': [{'type': 'HYPERLINK', 'value': 'https://developers.google.com/speed/docs/insights/SizeTapTargetsAppropriately'}]}}, {'header': {'format': 'The following tap targets are close to other nearby tap targets and may need additional spacing around them.'}, 'urls': [{'result': {'format': 'The tap target $1 is close to $2 other tap targets.', 'args': [{'type': 'STRING_LITERAL', 'value': '<div class=""page-link page-link--next""></div>'}, {'type': 'INT_LITERAL', 'value': '1'}]}}, {'result': {'format': 'The tap target $1 is close to $2 other tap targets.', 'args': [{'type': 'STRING_LITERAL', 'value': '<a href=""http://www.laz…page=2&amp;sc=IdUP"">'}, {'type': 'INT_LITERAL', 'value': '1'}]}}, {'result': {'format': 'The tap target $1 and $2 others are close to other tap targets.', 'args': [{'type': 'STRING_LITERAL', 'value': '<a href=""/terms-of-use/"">Điều khoản</a>'}, {'type': 'INT_LITERAL', 'value': '1'}]}}]}]"
Avoid landing page redirects,0.0,"[{'header': {'format': 'Your page has no redirects. Learn more about avoiding landing page redirects.', 'args': [{'type': 'HYPERLINK', 'value': 'https://developers.google.com/speed/docs/insights/AvoidRedirects'}]}}]"
Avoid plugins,0.0,"[{'header': {'format': 'Your page does not appear to use plugins, which would prevent content from being usable on many platforms. Learn more about the importance of avoiding plugins.', 'args': [{'type': 'HYPERLINK', 'value': 'https://developers.google.com/speed/docs/insights/AvoidPlugins'}]}}]"
Configure the viewport,0.0,"[{'header': {'format': ""Your page specifies a viewport matching the device's size, which allows it to render properly on all devices. Learn more about configuring viewports."", 'args': [{'type': 'HYPERLINK', 'value': 'https://developers.google.com/speed/docs/insights/ConfigureViewport'}]}}]"
Minify CSS,0.0,"[{'header': {'format': 'Your CSS is minified. Learn more about minifying CSS.', 'args': [{'type': 'HYPERLINK', 'value': 'https://developers.google.com/speed/docs/insights/MinifyResources'}]}}]"
Minify HTML,0.0,"[{'header': {'format': 'Your HTML is minified. Learn more about minifying HTML.', 'args': [{'type': 'HYPERLINK', 'value': 'https://developers.google.com/speed/docs/insights/MinifyResources'}]}}]"
Minify JavaScript,0.0,"[{'header': {'format': 'Your JavaScript content is minified. Learn more about minifying JavaScript.', 'args': [{'type': 'HYPERLINK', 'value': 'https://developers.google.com/speed/docs/insights/MinifyResources'}]}}]"
Use legible font sizes,0.0,"[{'header': {'format': 'The text on your page is legible. Learn more about using legible font sizes.', 'args': [{'type': 'HYPERLINK', 'value': 'https://developers.google.com/speed/docs/insights/UseLegibleFontSizes'}]}}]"
